commit_id,repo,commit_message,original_label,assisted_label,agreement,confidence,rationale,review_method
78278727,wolfSSL/wolfssl,Merge pull request #10497 from Frauschi/mldsa_rename,D9,D2,false,low,Commit references API interface changes (D2) with 1 indicator(s).,llm_assisted_codebook_review
2db2bedd,wolfSSL/wolfssl,Merge pull request #8027 from SparkiDev/kyber_original_fix,D9,D9,true,low,PQC-related commit but no specific defect category matched from message; classified as Other/Refactoring (D9).,llm_assisted_codebook_review
f5a04487,open-quantum-safe/liboqs,Ensure that building against liboqs build directory works (#2086),D8,D8,true,low,Commit references build/configuration (D8) with 1 indicator(s).,llm_assisted_codebook_review
9cf61710,open-quantum-safe/liboqs,Dilithium 3.1 update; partially autogenerating docs (#923),D9,D9,true,low,PQC-related commit but no specific defect category matched from message; classified as Other/Refactoring (D9).,llm_assisted_codebook_review
aeac3a44,open-quantum-safe/liboqs,Pull new HQC implementation from upstream (#1585),D7,D0,false,medium,Commit message is generic or merge-related; no defect-specific keywords found. Original label likely came from full PR context.,llm_assisted_codebook_review
5b268c08,wolfSSL/wolfssl,Merge pull request #4960 from anhu/stm32_pq_bench,D9,D0,false,medium,Commit message is generic or merge-related; no defect-specific keywords found. Original label likely came from full PR context.,llm_assisted_codebook_review
074a3dbc,wolfSSL/wolfssl,ML-KEM: derive secret fix,D9,D6,false,low,Commit references side-channel/security (D6) with 1 indicator(s).,llm_assisted_codebook_review
fc433b25,wolfSSL/wolfssl,ASM files: generation script refactor output,D9,D0,false,medium,Commit message is generic or merge-related; no defect-specific keywords found. Original label likely came from full PR context.,llm_assisted_codebook_review
0888bdcd,aws/s2n-tls,Add a readme for the post-quantum crypto directory,D9,D9,true,low,PQC-related commit but no specific defect category matched from message; classified as Other/Refactoring (D9).,llm_assisted_codebook_review
21484ec7,wolfSSL/wolfssl,linuxkm: add asm support for Kyber.,D9,D9,true,low,PQC-related commit but no specific defect category matched from message; classified as Other/Refactoring (D9).,llm_assisted_codebook_review
bf074d2b,wolfSSL/wolfssl,Merge pull request #7877 from SparkiDev/ml_dsa_ml_kem_final,D9,D9,true,low,PQC-related commit but no specific defect category matched from message; classified as Other/Refactoring (D9).,llm_assisted_codebook_review
ec958de6,wolfSSL/wolfssl,ASM generation fixes,D1,D0,false,medium,Commit message is generic or merge-related; no defect-specific keywords found. Original label likely came from full PR context.,llm_assisted_codebook_review
47612ee6,open-quantum-safe/liboqs,Update sig_stfl Doxygen documentation (#2059),D2,D0,false,medium,Commit message is generic or merge-related; no defect-specific keywords found. Original label likely came from full PR context.,llm_assisted_codebook_review
bd4d09da,open-quantum-safe/liboqs,Sync upstream with copy_from_upstram / pqcrystals pull (#891),D9,D5,false,low,Commit references memory management (D5) with 1 indicator(s).,llm_assisted_codebook_review
794f0d8d,wolfSSL/wolfssl,src/pk.c: add missing 'keySz = padded_keySz' in _DH_compute_key() ct cleanup path.,D7,D0,false,medium,Commit message is generic or merge-related; no defect-specific keywords found. Original label likely came from full PR context.,llm_assisted_codebook_review
a0f6b779,wolfSSL/wolfssl,-----BEGIN SPHINCS_SMALL_LEVEL1 PRIVATE KEY----- is the longest one at length 48,D1,D0,false,medium,Commit message is generic or merge-related; no defect-specific keywords found. Original label likely came from full PR context.,llm_assisted_codebook_review
9fd38bd7,aws/s2n-tls,feature: add support for configuring (but not yet using) ml-dsa certs (#5263),D9,D8,false,low,Commit references build/configuration (D8) with 1 indicator(s).,llm_assisted_codebook_review
982c762c,open-quantum-safe/liboqs,Pull Kyber/ML-KEM CT-Fix from upstream,D9,D9,true,low,PQC-related commit but no specific defect category matched from message; classified as Other/Refactoring (D9).,llm_assisted_codebook_review
c338c89d,openssl/openssl,Provide aliases to ML-DSA without dashes,D9,D9,true,low,PQC-related commit but no specific defect category matched from message; classified as Other/Refactoring (D9).,llm_assisted_codebook_review
d93a431a,open-quantum-safe/liboqs,Add CROSS (#1881),D2,D0,false,medium,Commit message is generic or merge-related; no defect-specific keywords found. Original label likely came from full PR context.,llm_assisted_codebook_review
31153f02,open-quantum-safe/oqs-provider,Add pristine copies of source files from OQS-OpenSSL3,D9,D0,false,medium,Commit message is generic or merge-related; no defect-specific keywords found. Original label likely came from full PR context.,llm_assisted_codebook_review
af841adf,openssl/openssl,ml_kem kem: convert to using generated param decoders,D9,D5,false,low,Commit references memory management (D5) with 1 indicator(s).,llm_assisted_codebook_review
4ff6f5f1,wolfSSL/wolfssl,ML-KEM/Kyber: fix out of bouds read,D1,D9,false,low,PQC-related commit but no specific defect category matched from message; classified as Other/Refactoring (D9).,llm_assisted_codebook_review
7b21bd3b,open-quantum-safe/oqs-provider,bring GOVERNANCE in line with liboqs [skip ci] (#342),D9,D0,false,medium,Commit message is generic or merge-related; no defect-specific keywords found. Original label likely came from full PR context.,llm_assisted_codebook_review
075c60ce,open-quantum-safe/oqs-provider,Hybrid KEM support (#16),D9,D9,true,low,PQC-related commit but no specific defect category matched from message; classified as Other/Refactoring (D9).,llm_assisted_codebook_review
8ca79021,wolfSSL/wolfssl,certs_test.h is using raw dilithium keys,D9,D9,true,low,PQC-related commit but no specific defect category matched from message; classified as Other/Refactoring (D9).,llm_assisted_codebook_review
a44bd12a,open-quantum-safe/liboqs,Merge branch 'master' of https://github.com/open-quantum-safe/liboqs,D9,D0,false,medium,Commit message is generic or merge-related; no defect-specific keywords found. Original label likely came from full PR context.,llm_assisted_codebook_review
453404a8,wolfSSL/wolfssl,Get the falcon keys into wolfssl/certs_test.h,D9,D0,false,medium,Commit message is generic or merge-related; no defect-specific keywords found. Original label likely came from full PR context.,llm_assisted_codebook_review
969ad96d,wolfSSL/wolfssl,examples/{client;server}/{client;server}.c: remove spurious commas in --pqc help strings; and mollify clang-tidy bugprone-suspicious-missing-comma re --force-curve help strings. (#5480),D7,D9,false,low,PQC-related commit but no specific defect category matched from message; classified as Other/Refactoring (D9).,llm_assisted_codebook_review
ae0faa40,wolfSSL/wolfssl,Bugfix: wolfSSL_get_curve_name() will now print post-quantum group names.,D9,D9,true,low,PQC-related commit but no specific defect category matched from message; classified as Other/Refactoring (D9).,llm_assisted_codebook_review
b41d46a1,wolfSSL/wolfssl,src/ssl.c and src/ssl_load.c: fix syntax flubs in WOLFSSL_DILITHIUM_FIPS204_DRAFT paths.,D9,D9,true,low,PQC-related commit but no specific defect category matched from message; classified as Other/Refactoring (D9).,llm_assisted_codebook_review
f4821eb0,wolfSSL/wolfssl,Merge pull request #8827 from SparkiDev/ml_kem_codepoints,D9,D9,true,low,PQC-related commit but no specific defect category matched from message; classified as Other/Refactoring (D9).,llm_assisted_codebook_review
0ef373bd,openssl/openssl,rename ml_dsa_sig.c to ml_dsa_sig.c.in,D9,D2,false,low,Commit references API interface changes (D2) with 1 indicator(s).,llm_assisted_codebook_review
7dc61fe7,open-quantum-safe/oqs-provider,Cross-compile to linux-aarch64 from linux-x64 in GitHub actions. (#253),D8,D8,true,low,Commit references build/configuration (D8) with 1 indicator(s).,llm_assisted_codebook_review
0983ea9a,wolfSSL/wolfssl,pqc: fix memory type for shared secret storage server side,D9,D5,false,low,Commit references memory management (D5) with 1 indicator(s).,llm_assisted_codebook_review
bfad5398,wolfSSL/wolfssl,MSVC: replace UINT32_MAX with WOLFSSL_MAX_32BIT in dilithium.c,D9,D9,true,low,PQC-related commit but no specific defect category matched from message; classified as Other/Refactoring (D9).,llm_assisted_codebook_review
f1fff733,wolfSSL/wolfssl,tests/api.c: fix readability-uppercase-literal-suffix in rfc9802_verify_one_cert();,D2,D0,false,medium,Commit message is generic or merge-related; no defect-specific keywords found. Original label likely came from full PR context.,llm_assisted_codebook_review
f515916f,wolfSSL/wolfssl,Add liboqs integration to CMake build system (#5407),D8,D8,true,medium,Commit references build/configuration (D8) with 2 indicator(s).,llm_assisted_codebook_review
56c20aed,wolfSSL/wolfssl,Rust wrapper: dilithium: remove unnecessary size define presence checks,D1,D9,false,low,PQC-related commit but no specific defect category matched from message; classified as Other/Refactoring (D9).,llm_assisted_codebook_review
3fbbc7c1,wolfSSL/wolfssl,Fix implicit conversion.,D8,D0,false,medium,Commit message is generic or merge-related; no defect-specific keywords found. Original label likely came from full PR context.,llm_assisted_codebook_review
67124cb8,aws/s2n-tls,Add more test cases for multiple certificates by name,D2,D9,false,low,PQC-related commit but no specific defect category matched from message; classified as Other/Refactoring (D9).,llm_assisted_codebook_review
a816f329,wolfSSL/wolfssl,Merge pull request #4856 from anhu/stm32u5,D9,D0,false,medium,Commit message is generic or merge-related; no defect-specific keywords found. Original label likely came from full PR context.,llm_assisted_codebook_review
0ddce4e8,open-quantum-safe/liboqs,Merge pull request #486 from dmjones/link-openssl,D8,D0,false,medium,Commit message is generic or merge-related; no defect-specific keywords found. Original label likely came from full PR context.,llm_assisted_codebook_review
20ae10fd,wolfSSL/wolfssl,Merge pull request #8360 from philljj/dual_alg_mldsa,D9,D0,false,medium,Commit message is generic or merge-related; no defect-specific keywords found. Original label likely came from full PR context.,llm_assisted_codebook_review
af20d054,open-quantum-safe/oqs-provider,Full OQS project integration (#1),D9,D0,false,medium,Commit message is generic or merge-related; no defect-specific keywords found. Original label likely came from full PR context.,llm_assisted_codebook_review
7d42ddae,wolfSSL/wolfssl,Kyber/ML-KEM: make both available,D9,D9,true,low,PQC-related commit but no specific defect category matched from message; classified as Other/Refactoring (D9).,llm_assisted_codebook_review
d5dca7e9,open-quantum-safe/oqs-provider,remove default Kyber and Dilithium support (#603),D9,D9,true,low,PQC-related commit but no specific defect category matched from message; classified as Other/Refactoring (D9).,llm_assisted_codebook_review
76941262,open-quantum-safe/liboqs,Adding multiple upstream support to doc generation (#1123),D7,D0,false,medium,Commit message is generic or merge-related; no defect-specific keywords found. Original label likely came from full PR context.,llm_assisted_codebook_review
2297d7a5,open-quantum-safe/liboqs,Dependabot configuration and dependency updates (#2420),D8,D8,true,low,Commit references build/configuration (D8) with 1 indicator(s).,llm_assisted_codebook_review
05dc9f04,wolfSSL/wolfssl,Fix memory leak in case of handshake error,D2,D5,false,medium,Commit references memory management (D5) with 2 indicator(s).,llm_assisted_codebook_review
7057138f,openssl/openssl,fips: defined for ML-KEM CASTs,D9,D9,true,low,PQC-related commit but no specific defect category matched from message; classified as Other/Refactoring (D9).,llm_assisted_codebook_review
a2635be9,wolfSSL/wolfssl,wolfCrypt support for external Kyber implementations (liboqs and pqm4),D9,D9,true,low,PQC-related commit but no specific defect category matched from message; classified as Other/Refactoring (D9).,llm_assisted_codebook_review
f863513f,wolfSSL/wolfssl,Kyber: Improve performance of C implementation,D4,D4,true,low,Commit references timing/performance (D4) with 1 indicator(s).,llm_assisted_codebook_review
416778ec,open-quantum-safe/liboqs,Trigger liboqs-java and liboqs-rust downstream CI (#2021),D9,D0,false,medium,Commit message is generic or merge-related; no defect-specific keywords found. Original label likely came from full PR context.,llm_assisted_codebook_review
46f63203,wolfSSL/wolfssl,Fix PQC hybrid KeyShare pointer sanity.,D9,D9,true,low,PQC-related commit but no specific defect category matched from message; classified as Other/Refactoring (D9).,llm_assisted_codebook_review
4d8243d9,aws/s2n-tls,Add Kyber Round 2 TLS Security Policy (#2138),D9,D9,true,low,PQC-related commit but no specific defect category matched from message; classified as Other/Refactoring (D9).,llm_assisted_codebook_review
045c08e1,open-quantum-safe/liboqs,Merge pull request #521 from open-quantum-safe/ds-sphincs,D9,D0,false,medium,Commit message is generic or merge-related; no defect-specific keywords found. Original label likely came from full PR context.,llm_assisted_codebook_review
b2ad3f97,open-quantum-safe/liboqs,Fix SPHINCS+ constant-time suppression files (#1480),D6,D6,true,low,Commit references side-channel/security (D6) with 1 indicator(s).,llm_assisted_codebook_review
3f28cc6e,openssl/openssl,Test ML-DSA; SLH-DSA; and ML-KEM PCT implementations,D9,D9,true,low,PQC-related commit but no specific defect category matched from message; classified as Other/Refactoring (D9).,llm_assisted_codebook_review
4d3d1c9f,openssl/openssl,ml_dsa_kmgmt: check params against len and not pointers in ml_dsa_key_fromdata,D1,D5,false,low,Commit references memory management (D5) with 1 indicator(s).,llm_assisted_codebook_review
0780fd97,wolfSSL/wolfssl,liboqs: add RNG support for sphincs,D9,D0,false,medium,Commit message is generic or merge-related; no defect-specific keywords found. Original label likely came from full PR context.,llm_assisted_codebook_review
5f28a2af,open-quantum-safe/liboqs,liboqs 0.6.0-rc1,D9,D0,false,medium,Commit message is generic or merge-related; no defect-specific keywords found. Original label likely came from full PR context.,llm_assisted_codebook_review
76b1300a,wolfSSL/wolfssl,ML-KEM fixes,D2,D9,false,low,PQC-related commit but no specific defect category matched from message; classified as Other/Refactoring (D9).,llm_assisted_codebook_review
c62031ee,open-quantum-safe/liboqs,Include DeriveEncapsulation functionality (Issue #2135) (#2221),D2,D0,false,medium,Commit message is generic or merge-related; no defect-specific keywords found. Original label likely came from full PR context.,llm_assisted_codebook_review
e2b642d4,wolfSSL/wolfssl,WolfSSL Kyber and CMake fixes,D8,D8,true,low,Commit references build/configuration (D8) with 1 indicator(s).,llm_assisted_codebook_review
db6df887,wolfSSL/wolfssl,Correct kyber levels. Was copy and paste error.,D7,D7,true,low,Commit references error handling (D7) with 1 indicator(s).,llm_assisted_codebook_review
9f308995,open-quantum-safe/liboqs,Merge pull request #539 from open-quantum-safe/vsoftco-update-contributors,D9,D0,false,medium,Commit message is generic or merge-related; no defect-specific keywords found. Original label likely came from full PR context.,llm_assisted_codebook_review
4b00525e,wolfSSL/wolfssl,Merge pull request #10407 from Frauschi/Wconversion,D9,D0,false,medium,Commit message is generic or merge-related; no defect-specific keywords found. Original label likely came from full PR context.,llm_assisted_codebook_review
15e24d18,open-quantum-safe/oqs-provider,Remove SPHINCS+ (#740),D9,D0,false,medium,Commit message is generic or merge-related; no defect-specific keywords found. Original label likely came from full PR context.,llm_assisted_codebook_review
3524ece5,wolfSSL/wolfssl,Fix PQC key exchange with multiple KEM key shares,D9,D9,true,low,PQC-related commit but no specific defect category matched from message; classified as Other/Refactoring (D9).,llm_assisted_codebook_review
ef925b8b,wolfSSL/wolfssl,wolfcrypt/src/wc_kyber_poly.c: fix bugprone-macro-parentheses for FROM_MSG_BIT.,D9,D9,true,low,PQC-related commit but no specific defect category matched from message; classified as Other/Refactoring (D9).,llm_assisted_codebook_review
a2079b82,openssl/openssl,Drop value barrier from ML-DSA reduce_once,D4,D9,false,low,PQC-related commit but no specific defect category matched from message; classified as Other/Refactoring (D9).,llm_assisted_codebook_review
00abce34,wolfSSL/wolfssl,Merge pull request #10310 from cconlon/d2iMLDSA,D9,D0,false,medium,Commit message is generic or merge-related; no defect-specific keywords found. Original label likely came from full PR context.,llm_assisted_codebook_review
d20cbc90,openssl/openssl,Fix ML-KEM key equality check when either unset,D7,D9,false,low,PQC-related commit but no specific defect category matched from message; classified as Other/Refactoring (D9).,llm_assisted_codebook_review
85dd9233,wolfSSL/wolfssl,cryptocb: always run software cleanup in key Free functions,D2,D5,false,low,Commit references memory management (D5) with 1 indicator(s).,llm_assisted_codebook_review
bd8954bf,openssl/openssl,ML-DSA: Change ossl_ml_dsa_key_public_from_private() to check that the,D7,D9,false,low,PQC-related commit but no specific defect category matched from message; classified as Other/Refactoring (D9).,llm_assisted_codebook_review
a0fc1ff3,openssl/openssl,Teach SSL_trace() about ML-DSA,D9,D9,true,low,PQC-related commit but no specific defect category matched from message; classified as Other/Refactoring (D9).,llm_assisted_codebook_review
2e2ddb4e,open-quantum-safe/liboqs,Update Kyber and Dilithium from upstream (#1316),D9,D9,true,low,PQC-related commit but no specific defect category matched from message; classified as Other/Refactoring (D9).,llm_assisted_codebook_review
7c56bcb6,open-quantum-safe/liboqs,Test against all 100 KAT values (#1560),D9,D0,false,medium,Commit message is generic or merge-related; no defect-specific keywords found. Original label likely came from full PR context.,llm_assisted_codebook_review
ce0234e4,aws/s2n-tls,Add ML-KEM Feature Probe and Test (#4823),D9,D9,true,low,PQC-related commit but no specific defect category matched from message; classified as Other/Refactoring (D9).,llm_assisted_codebook_review
8a894704,wolfSSL/wolfssl,Fix for liboqs on zephyr,D9,D0,false,medium,Commit message is generic or merge-related; no defect-specific keywords found. Original label likely came from full PR context.,llm_assisted_codebook_review
39d4832b,wolfSSL/wolfssl,Merge pull request #8207 from bigbrett/dilithium-nightly-fixes,D9,D9,true,low,PQC-related commit but no specific defect category matched from message; classified as Other/Refactoring (D9).,llm_assisted_codebook_review
0b18e250,wolfSSL/wolfssl,Merge pull request #6576 from iyanmv/liboqs-1.8,D9,D0,false,medium,Commit message is generic or merge-related; no defect-specific keywords found. Original label likely came from full PR context.,llm_assisted_codebook_review
211742bf,wolfSSL/wolfssl,liboqs depends on pthreads now,D9,D0,false,medium,Commit message is generic or merge-related; no defect-specific keywords found. Original label likely came from full PR context.,llm_assisted_codebook_review
e9292e30,wolfSSL/wolfssl,add _new/_delete API for ML-KEM/ML-DSA,D2,D9,false,low,PQC-related commit but no specific defect category matched from message; classified as Other/Refactoring (D9).,llm_assisted_codebook_review
77524aea,open-quantum-safe/liboqs,Merge pull request #524 from open-quantum-safe/ds-backout-ledakem,D9,D9,true,low,PQC-related commit but no specific defect category matched from message; classified as Other/Refactoring (D9).,llm_assisted_codebook_review
5793f626,wolfSSL/wolfssl,Merge pull request #7677 from Laboratory-for-Safe-and-Secure-Systems/mldsa_fixes,D9,D0,false,medium,Commit message is generic or merge-related; no defect-specific keywords found. Original label likely came from full PR context.,llm_assisted_codebook_review
09562078,open-quantum-safe/liboqs,Merge branch 'master' of https://github.com/open-quantum-safe/liboqs,D9,D0,false,medium,Commit message is generic or merge-related; no defect-specific keywords found. Original label likely came from full PR context.,llm_assisted_codebook_review
326f5dca,open-quantum-safe/liboqs,Merge pull request #496 from open-quantum-safe/ds-aes-fix-compilation,D9,D0,false,medium,Commit message is generic or merge-related; no defect-specific keywords found. Original label likely came from full PR context.,llm_assisted_codebook_review
795c1b79,open-quantum-safe/liboqs,Add Falcon from PQClean (#660),D8,D9,false,low,PQC-related commit but no specific defect category matched from message; classified as Other/Refactoring (D9).,llm_assisted_codebook_review
d6ecaadd,wolfSSL/wolfssl,Merge pull request #7740 from JacobBarthelmeh/readme,D9,D0,false,medium,Commit message is generic or merge-related; no defect-specific keywords found. Original label likely came from full PR context.,llm_assisted_codebook_review
ab2c96a6,open-quantum-safe/liboqs,Replace the Kyber768 implementation in liboqs master with PQClean's implementation (#466),D8,D9,false,low,PQC-related commit but no specific defect category matched from message; classified as Other/Refactoring (D9).,llm_assisted_codebook_review
3b3680c6,openssl/openssl,ML-DSA: Refactor to use function pointers for AVX2/scalar NTT,D9,D9,true,low,PQC-related commit but no specific defect category matched from message; classified as Other/Refactoring (D9).,llm_assisted_codebook_review
80a04551,wolfSSL/wolfssl,Merge pull request #10405 from SparkiDev/mlkem_fixes_1,D2,D9,false,low,PQC-related commit but no specific defect category matched from message; classified as Other/Refactoring (D9).,llm_assisted_codebook_review
d9c214cc,open-quantum-safe/liboqs,Add ML-DSA / FIPS 204 final (#1919),D2,D9,false,low,PQC-related commit but no specific defect category matched from message; classified as Other/Refactoring (D9).,llm_assisted_codebook_review
1aacc6ea,open-quantum-safe/oqs-provider,Disable Kyber,D9,D8,false,low,Commit references build/configuration (D8) with 1 indicator(s).,llm_assisted_codebook_review
328822b4,wolfSSL/wolfssl,Merge pull request #10047 from Frauschi/mldsa_no_ctx,D2,D0,false,medium,Commit message is generic or merge-related; no defect-specific keywords found. Original label likely came from full PR context.,llm_assisted_codebook_review
cceeb776,wolfSSL/wolfssl,gate dilithium OID autodetection on FIPS 204 draft mode,D9,D9,true,low,PQC-related commit but no specific defect category matched from message; classified as Other/Refactoring (D9).,llm_assisted_codebook_review
a822f0e6,open-quantum-safe/liboqs,PQClean / NTRU Prime update (#1039),D2,D9,false,low,PQC-related commit but no specific defect category matched from message; classified as Other/Refactoring (D9).,llm_assisted_codebook_review
bcf4dbe6,wolfSSL/wolfssl,Changes inspired by Feedback from Sean.,D9,D0,false,medium,Commit message is generic or merge-related; no defect-specific keywords found. Original label likely came from full PR context.,llm_assisted_codebook_review
3e3a00da,wolfSSL/wolfssl,Dilithium/ML-DSA: Implementation of ML-DSA-44/65/87,D2,D9,false,low,PQC-related commit but no specific defect category matched from message; classified as Other/Refactoring (D9).,llm_assisted_codebook_review
d14825a7,open-quantum-safe/liboqs,Pull Falcon updates from PQClean (#1523),D9,D9,true,low,PQC-related commit but no specific defect category matched from message; classified as Other/Refactoring (D9).,llm_assisted_codebook_review
1ed497ce,open-quantum-safe/liboqs,Merge branch 'master' of https://github.com/open-quantum-safe/liboqs,D9,D0,false,medium,Commit message is generic or merge-related; no defect-specific keywords found. Original label likely came from full PR context.,llm_assisted_codebook_review
9901a286,open-quantum-safe/liboqs,Use explicit_memset if available. NetBSD has support for it: (#1872),D9,D0,false,medium,Commit message is generic or merge-related; no defect-specific keywords found. Original label likely came from full PR context.,llm_assisted_codebook_review
f6434cf7,wolfSSL/wolfssl,Merge pull request #8639 from anhu/cmake_pq,D8,D8,true,low,Commit references build/configuration (D8) with 1 indicator(s).,llm_assisted_codebook_review
37579e12,open-quantum-safe/liboqs,Merge pull request #491 from open-quantum-safe/ds-update-kems,D9,D9,true,low,PQC-related commit but no specific defect category matched from message; classified as Other/Refactoring (D9).,llm_assisted_codebook_review
4d259da6,wolfSSL/wolfssl,PQC: CryptoCb support for KEM algorithm Kyber,D9,D9,true,low,PQC-related commit but no specific defect category matched from message; classified as Other/Refactoring (D9).,llm_assisted_codebook_review
7268d0af,aws/s2n-tls,Merge pull request #1041 from andrewhop/readme,D9,D0,false,medium,Commit message is generic or merge-related; no defect-specific keywords found. Original label likely came from full PR context.,llm_assisted_codebook_review
4bf202bd,open-quantum-safe/oqs-provider,Generate (also historical) (O)ID tables (#167),D9,D0,false,medium,Commit message is generic or merge-related; no defect-specific keywords found. Original label likely came from full PR context.,llm_assisted_codebook_review
c71c2ada,open-quantum-safe/oqs-provider,update Falcon IDs (#125),D9,D0,false,medium,Commit message is generic or merge-related; no defect-specific keywords found. Original label likely came from full PR context.,llm_assisted_codebook_review
80a63a3f,wolfSSL/wolfssl,Merge pull request #7924 from anhu/pqm4_purge,D9,D0,false,medium,Commit message is generic or merge-related; no defect-specific keywords found. Original label likely came from full PR context.,llm_assisted_codebook_review
da427efd,wolfSSL/wolfssl,Add LMS; XMSS and ML-DSA to Wconversion,D9,D9,true,low,PQC-related commit but no specific defect category matched from message; classified as Other/Refactoring (D9).,llm_assisted_codebook_review
7bd4efbf,aws/s2n-tls,Add Kyber Round 3 Fuzz Tests (#2958),D9,D9,true,low,PQC-related commit but no specific defect category matched from message; classified as Other/Refactoring (D9).,llm_assisted_codebook_review
7d3ee74a,wolfSSL/wolfssl,Aarch64 ASM: Use CPU features for more,D9,D0,false,medium,Commit message is generic or merge-related; no defect-specific keywords found. Original label likely came from full PR context.,llm_assisted_codebook_review
a8c001ec,open-quantum-safe/oqs-provider,Update to ensure hybrid kex interop; updates for OpenSSL master (#24),D7,D0,false,medium,Commit message is generic or merge-related; no defect-specific keywords found. Original label likely came from full PR context.,llm_assisted_codebook_review
d620e937,wolfSSL/wolfssl,Merge pull request #8229 from bigbrett/pqc-macro-protection-quickfix,D9,D9,true,low,PQC-related commit but no specific defect category matched from message; classified as Other/Refactoring (D9).,llm_assisted_codebook_review
5339fe0d,wolfSSL/wolfssl,Merge pull request #6715 from anhu/WOLFSSL_NO_SPHINCS,D9,D0,false,medium,Commit message is generic or merge-related; no defect-specific keywords found. Original label likely came from full PR context.,llm_assisted_codebook_review
7cd610bc,wolfSSL/wolfssl,Fixes for WolfSSL ML-DSA implementation,D9,D9,true,low,PQC-related commit but no specific defect category matched from message; classified as Other/Refactoring (D9).,llm_assisted_codebook_review
2a2f9d59,wolfSSL/wolfssl,ML-KEM compatibility,D9,D9,true,low,PQC-related commit but no specific defect category matched from message; classified as Other/Refactoring (D9).,llm_assisted_codebook_review
c7e054a7,wolfSSL/wolfssl,Rename ML-KEM hybrids to match IETF Draft.,D9,D2,false,low,Commit references API interface changes (D2) with 1 indicator(s).,llm_assisted_codebook_review
db08f12b,open-quantum-safe/liboqs,liboqs 0.8.0 release,D9,D0,false,medium,Commit message is generic or merge-related; no defect-specific keywords found. Original label likely came from full PR context.,llm_assisted_codebook_review
4fc06921,openssl/openssl,ml-kem: update to use improved parameter handling,D2,D2,true,low,Commit references API interface changes (D2) with 1 indicator(s).,llm_assisted_codebook_review
38757741,open-quantum-safe/liboqs,Add new KEM API and SIKE (#295),D2,D9,false,low,PQC-related commit but no specific defect category matched from message; classified as Other/Refactoring (D9).,llm_assisted_codebook_review
c899f79c,wolfSSL/wolfssl,Update key share group ranking algorithm,D2,D9,false,low,PQC-related commit but no specific defect category matched from message; classified as Other/Refactoring (D9).,llm_assisted_codebook_review
8e9e671a,wolfSSL/wolfssl,Merge pull request #8853 from JacobBarthelmeh/pqc,D9,D9,true,low,PQC-related commit but no specific defect category matched from message; classified as Other/Refactoring (D9).,llm_assisted_codebook_review
255b836e,open-quantum-safe/liboqs,Merge pull request #563 from open-quantum-safe/vsoftco-patch-1,D9,D0,false,medium,Commit message is generic or merge-related; no defect-specific keywords found. Original label likely came from full PR context.,llm_assisted_codebook_review
71c8b7cd,open-quantum-safe/liboqs,Rename algorithms in Dilithium datasheet,D9,D2,false,low,Commit references API interface changes (D2) with 1 indicator(s).,llm_assisted_codebook_review
4551926d,wolfSSL/wolfssl,Fix inverted logic in Sphincs and Falcon,D9,D0,false,medium,Commit message is generic or merge-related; no defect-specific keywords found. Original label likely came from full PR context.,llm_assisted_codebook_review
e66097fc,openssl/openssl,s3_lib.c: Use illegal_parameter for failing encapsulation in ml_kem,D9,D2,false,low,Commit references API interface changes (D2) with 1 indicator(s).,llm_assisted_codebook_review
f96d9c2f,open-quantum-safe/liboqs,Revert 'Update Falcon to 20230207 (PQClean commit 96dfee95cc56207d1ec5e3a2df306d6614ad7c6c) (#1386)' (#1392),D9,D9,true,low,PQC-related commit but no specific defect category matched from message; classified as Other/Refactoring (D9).,llm_assisted_codebook_review
14d64d37,open-quantum-safe/liboqs,Fix gcc 11 error for Kyber on arm64 (#1127),D7,D7,true,low,Commit references error handling (D7) with 1 indicator(s).,llm_assisted_codebook_review
f7ea8fca,wolfSSL/wolfssl,Explicitly declare dilithium_coeff_eta2[] as signed,D9,D9,true,low,PQC-related commit but no specific defect category matched from message; classified as Other/Refactoring (D9).,llm_assisted_codebook_review
1e9607b6,wolfSSL/wolfssl,Fixes for ML-DSA and LMS cast warnings and spelling errors.,D9,D7,false,low,Commit references error handling (D7) with 1 indicator(s).,llm_assisted_codebook_review
fb691fac,wolfSSL/wolfssl,Merge pull request #8947 from SparkiDev/mldsa_openssl_der,D9,D0,false,medium,Commit message is generic or merge-related; no defect-specific keywords found. Original label likely came from full PR context.,llm_assisted_codebook_review
bbd2f6f8,wolfSSL/wolfssl,Fixes from regression testing,D1,D0,false,medium,Commit message is generic or merge-related; no defect-specific keywords found. Original label likely came from full PR context.,llm_assisted_codebook_review
1bd2a1bc,open-quantum-safe/oqs-provider,switch doc to release; add backlevel liboqs support (#544),D2,D0,false,medium,Commit message is generic or merge-related; no defect-specific keywords found. Original label likely came from full PR context.,llm_assisted_codebook_review
bac716cc,open-quantum-safe/liboqs,Add section to CONFIGURE.md link (#1578),D7,D8,false,medium,Commit references build/configuration (D8) with 2 indicator(s).,llm_assisted_codebook_review
3cb781fd,open-quantum-safe/liboqs,Update pytest package version (#2408),D9,D0,false,medium,Commit message is generic or merge-related; no defect-specific keywords found. Original label likely came from full PR context.,llm_assisted_codebook_review
035d4022,wolfSSL/wolfssl,dual alg: add ML-DSA test; and misc cleanup.,D9,D9,true,low,PQC-related commit but no specific defect category matched from message; classified as Other/Refactoring (D9).,llm_assisted_codebook_review
bc399b79,open-quantum-safe/oqs-provider,fixup! Point CI to liboqs 0.11.0,D9,D0,false,medium,Commit message is generic or merge-related; no defect-specific keywords found. Original label likely came from full PR context.,llm_assisted_codebook_review
003a8556,open-quantum-safe/liboqs,Exported liboqs target in CMake and some CI refactoring. (#840),D8,D8,true,low,Commit references build/configuration (D8) with 1 indicator(s).,llm_assisted_codebook_review
79787eaa,wolfSSL/wolfssl,Merge pull request #4419 from anhu/set1_groups_list,D9,D0,false,medium,Commit message is generic or merge-related; no defect-specific keywords found. Original label likely came from full PR context.,llm_assisted_codebook_review
d9e02585,open-quantum-safe/liboqs,Support OpenSSL on Windows (#915),D9,D0,false,medium,Commit message is generic or merge-related; no defect-specific keywords found. Original label likely came from full PR context.,llm_assisted_codebook_review
32a07a7f,wolfSSL/wolfssl,Merge pull request #6723 from anhu/bench_sphincs_gating,D9,D0,false,medium,Commit message is generic or merge-related; no defect-specific keywords found. Original label likely came from full PR context.,llm_assisted_codebook_review
3bb06ce7,openssl/openssl,ml-dsa: use TRIE & struct based param name decoders,D9,D5,false,low,Commit references memory management (D5) with 1 indicator(s).,llm_assisted_codebook_review
318994a1,openssl/openssl,ASN.1 ML-KEM private key format,D9,D9,true,low,PQC-related commit but no specific defect category matched from message; classified as Other/Refactoring (D9).,llm_assisted_codebook_review
ebeb95e4,wolfSSL/wolfssl,Initialize Dilithium keyTypeTemp and keySizeTemp,D9,D9,true,low,PQC-related commit but no specific defect category matched from message; classified as Other/Refactoring (D9).,llm_assisted_codebook_review
43691788,open-quantum-safe/liboqs,Update mlkem-native to v1.1.0 (#2376),D6,D9,false,low,PQC-related commit but no specific defect category matched from message; classified as Other/Refactoring (D9).,llm_assisted_codebook_review
a55b12eb,open-quantum-safe/liboqs,Fix non-Dilithium-related execute failures on Alpine (#796),D1,D7,false,medium,Commit references error handling (D7) with 2 indicator(s).,llm_assisted_codebook_review
f16216e5,wolfSSL/wolfssl,HashSLH-DSA APIs now take the pre-hashed digest; not the raw message,D1,D9,false,low,PQC-related commit but no specific defect category matched from message; classified as Other/Refactoring (D9).,llm_assisted_codebook_review
4fa4ab1f,open-quantum-safe/oqs-provider,Force liboqs as a debian package dependency requirement only if it is not a static linked library. (#493),D8,D0,false,medium,Commit message is generic or merge-related; no defect-specific keywords found. Original label likely came from full PR context.,llm_assisted_codebook_review
f7afc47d,wolfSSL/wolfssl,Kyber ARM32 ASM: add assembly using base instructions,D9,D9,true,low,PQC-related commit but no specific defect category matched from message; classified as Other/Refactoring (D9).,llm_assisted_codebook_review
8a82e3a7,openssl/openssl,Deuglify ML-KEM code after reformat,D9,D9,true,low,PQC-related commit but no specific defect category matched from message; classified as Other/Refactoring (D9).,llm_assisted_codebook_review
b06458f9,wolfSSL/wolfssl,use heap hint with dilithium benchmark,D5,D5,true,low,Commit references memory management (D5) with 1 indicator(s).,llm_assisted_codebook_review
be6888c5,wolfSSL/wolfssl,Fixes for Dilithium in TLS handshake,D7,D9,false,low,PQC-related commit but no specific defect category matched from message; classified as Other/Refactoring (D9).,llm_assisted_codebook_review
83ec7c31,open-quantum-safe/liboqs,Added SHA256 SPHINCS variants to README and removed references to nist-branch from algorithm datasheets.,D9,D9,true,low,PQC-related commit but no specific defect category matched from message; classified as Other/Refactoring (D9).,llm_assisted_codebook_review
7d2d153f,openssl/openssl,ML-DSA: Add TLS certificate test,D9,D9,true,low,PQC-related commit but no specific defect category matched from message; classified as Other/Refactoring (D9).,llm_assisted_codebook_review
66ee7702,open-quantum-safe/oqs-provider,Move the clang-format check from CircleCI to GitHub actions. (#376),D7,D0,false,medium,Commit message is generic or merge-related; no defect-specific keywords found. Original label likely came from full PR context.,llm_assisted_codebook_review
39fb613e,open-quantum-safe/liboqs,Merge pull request #505 from open-quantum-safe/ds-default-autoconf,D9,D0,false,medium,Commit message is generic or merge-related; no defect-specific keywords found. Original label likely came from full PR context.,llm_assisted_codebook_review
cd430bf5,openssl/openssl,ml-dsa(fips): add power up signature self tests for ML-DSA-65,D6,D2,false,low,Commit references API interface changes (D2) with 1 indicator(s).,llm_assisted_codebook_review
786141b0,open-quantum-safe/liboqs,Merge branch 'ds-tests-in-threads' of https://github.com/open-quantum-safe/liboqs into ds-tests-in-threads,D9,D0,false,medium,Commit message is generic or merge-related; no defect-specific keywords found. Original label likely came from full PR context.,llm_assisted_codebook_review
8f74d8ce,openssl/openssl,If our server channel creates its own qrx; set its initial secret,D7,D6,false,low,Commit references side-channel/security (D6) with 1 indicator(s).,llm_assisted_codebook_review
0ae0b315,wolfSSL/wolfssl,The following config:,D7,D8,false,low,Commit references build/configuration (D8) with 1 indicator(s).,llm_assisted_codebook_review
7699d929,wolfSSL/wolfssl,Merge pull request #4664 from anhu/Fix_ENCRYPT_LEN,D9,D9,true,low,PQC-related commit but no specific defect category matched from message; classified as Other/Refactoring (D9).,llm_assisted_codebook_review
61d20724,openssl/openssl,ml-dsa: update to use improved parameter handling,D2,D2,true,low,Commit references API interface changes (D2) with 1 indicator(s).,llm_assisted_codebook_review
722ca648,open-quantum-safe/liboqs,Overhauled compiler-time CPU-extension detection. (#713),D8,D8,true,low,Commit references build/configuration (D8) with 1 indicator(s).,llm_assisted_codebook_review
4cc83e5f,open-quantum-safe/liboqs,Add OQS_SIG_STFL_keygen_and_sign_supported() for runtime detection (#2434),D1,D9,false,low,PQC-related commit but no specific defect category matched from message; classified as Other/Refactoring (D9).,llm_assisted_codebook_review
040e2102,wolfSSL/wolfssl,Merge pull request #9049 from kojiws/import_mldsa_seed_pkcs8_reapply,D9,D0,false,medium,Commit message is generic or merge-related; no defect-specific keywords found. Original label likely came from full PR context.,llm_assisted_codebook_review
d0d0413d,open-quantum-safe/liboqs,Create liboqs 0.12.0 release candidate 1 (#2006),D2,D0,false,medium,Commit message is generic or merge-related; no defect-specific keywords found. Original label likely came from full PR context.,llm_assisted_codebook_review
4f87a898,wolfSSL/wolfssl,ML-KEM/Kyber: fix for big-endian,D9,D9,true,low,PQC-related commit but no specific defect category matched from message; classified as Other/Refactoring (D9).,llm_assisted_codebook_review
0f22d746,openssl/openssl,Fix ML-KEM/ML-DSA macro typo,D7,D9,false,low,PQC-related commit but no specific defect category matched from message; classified as Other/Refactoring (D9).,llm_assisted_codebook_review
d8509387,open-quantum-safe/liboqs,tests: add fuzz harness for XMSS stateful signature verification (#2399) (#2400),D2,D2,true,low,Commit references API interface changes (D2) with 1 indicator(s).,llm_assisted_codebook_review
e766b8f0,wolfSSL/wolfssl,Update the wolfCrypt test so that Dilithium init so that devID will get passed to hit callback paths when configured and that Dilithium will be retested in the callback section of the wolfCrypt test.,D9,D8,false,medium,Commit references build/configuration (D8) with 2 indicator(s).,llm_assisted_codebook_review
d1b76908,open-quantum-safe/liboqs,Merge pull request #497 from open-quantum-safe/ds-aes-key-schedule,D9,D0,false,medium,Commit message is generic or merge-related; no defect-specific keywords found. Original label likely came from full PR context.,llm_assisted_codebook_review
6a6ce4c1,openssl/openssl,added use IO::File; 15-test_ml_dsa_codecs.t,D9,D9,true,low,PQC-related commit but no specific defect category matched from message; classified as Other/Refactoring (D9).,llm_assisted_codebook_review
8cee7f7f,open-quantum-safe/oqs-provider,fixup! Update linux CI to also build liboqs with -DOQS_LIBJADE_BUILD=OFF,D8,D8,true,low,Commit references build/configuration (D8) with 1 indicator(s).,llm_assisted_codebook_review
653fc218,openssl/openssl,ML-KEM libcrypto implementation polish,D1,D9,false,low,PQC-related commit but no specific defect category matched from message; classified as Other/Refactoring (D9).,llm_assisted_codebook_review
c8cca2f8,open-quantum-safe/oqs-provider,make algorithms selectable by liboqs bitstrength (#156),D9,D0,false,medium,Commit message is generic or merge-related; no defect-specific keywords found. Original label likely came from full PR context.,llm_assisted_codebook_review
d61d81c5,open-quantum-safe/liboqs,Add constant time suppression for Falcon AVX2 (#1415),D6,D6,true,low,Commit references side-channel/security (D6) with 1 indicator(s).,llm_assisted_codebook_review
29d14eeb,openssl/openssl,ml-dsa: add more to internal header,D1,D9,false,low,PQC-related commit but no specific defect category matched from message; classified as Other/Refactoring (D9).,llm_assisted_codebook_review
cdbd1955,wolfSSL/wolfssl,Have ret initialized to 0 in wc_ecc_free() and wc_dilithium_free(),D9,D5,false,low,Commit references memory management (D5) with 1 indicator(s).,llm_assisted_codebook_review
89b5a9b8,openssl/openssl,Facilitate corruption in ML-DSA PCT,D9,D9,true,low,PQC-related commit but no specific defect category matched from message; classified as Other/Refactoring (D9).,llm_assisted_codebook_review
a4aa89b1,Mbed-TLS/mbedtls,Fix leakage of projective coordinates in ECC,D6,D0,false,medium,Commit message is generic or merge-related; no defect-specific keywords found. Original label likely came from full PR context.,llm_assisted_codebook_review
cad2ebde,wolfSSL/wolfssl,Regression testing fixes,D4,D0,false,medium,Commit message is generic or merge-related; no defect-specific keywords found. Original label likely came from full PR context.,llm_assisted_codebook_review
fc585a27,openssl/openssl,ML-DSA: Add Win64 SEH unwind support to AVX2 NTT functions,D9,D9,true,low,PQC-related commit but no specific defect category matched from message; classified as Other/Refactoring (D9).,llm_assisted_codebook_review
0f72d2ea,wolfSSL/wolfssl,enable kyber and dilithium in selftest,D9,D8,false,low,Commit references build/configuration (D8) with 1 indicator(s).,llm_assisted_codebook_review
30edf7b9,open-quantum-safe/liboqs,test OQS_SIG_sign methods in vectors_sig (#2350),D9,D0,false,medium,Commit message is generic or merge-related; no defect-specific keywords found. Original label likely came from full PR context.,llm_assisted_codebook_review
077e32a9,open-quantum-safe/liboqs,Merge commit from fork,D1,D0,false,medium,Commit message is generic or merge-related; no defect-specific keywords found. Original label likely came from full PR context.,llm_assisted_codebook_review
0ba71c0a,openssl/openssl,ssl/t1_lib.c: Free gix if sk_TLS_GROUP_IX_push() fails to avoid memory leak,D5,D5,true,high,Commit references memory management (D5) with 3 indicator(s).,llm_assisted_codebook_review
223ced1d,open-quantum-safe/liboqs,Merge remote-tracking branch 'oqs/master' into PQClean_Dilithium,D9,D9,true,low,PQC-related commit but no specific defect category matched from message; classified as Other/Refactoring (D9).,llm_assisted_codebook_review
5fd47f99,open-quantum-safe/oqs-provider,remove duplicate LIBOQS_BRANCH option in config doc (#274),D8,D8,true,medium,Commit references build/configuration (D8) with 2 indicator(s).,llm_assisted_codebook_review
21be3776,wolfSSL/wolfssl,add ML-KEM/ML-DSA support for C# wrapper,D2,D9,false,low,PQC-related commit but no specific defect category matched from message; classified as Other/Refactoring (D9).,llm_assisted_codebook_review
1ae9cf6f,open-quantum-safe/liboqs,fix: correct cuPQC ML-KEM derand symbol names and #if/#elif chains (#2396),D2,D9,false,low,PQC-related commit but no specific defect category matched from message; classified as Other/Refactoring (D9).,llm_assisted_codebook_review
994a1fba,wolfSSL/wolfssl,Merge pull request #9970 from JacobBarthelmeh/bench,D5,D0,false,medium,Commit message is generic or merge-related; no defect-specific keywords found. Original label likely came from full PR context.,llm_assisted_codebook_review
1d08c9d6,open-quantum-safe/liboqs,Sync with PQClean (#817),D9,D9,true,low,PQC-related commit but no specific defect category matched from message; classified as Other/Refactoring (D9).,llm_assisted_codebook_review
14ce7956,wolfSSL/wolfssl,Increase test coverage,D7,D0,false,medium,Commit message is generic or merge-related; no defect-specific keywords found. Original label likely came from full PR context.,llm_assisted_codebook_review
f761b06c,open-quantum-safe/liboqs,Pull Neon implementation of Falcon from PQClean (#1547),D9,D9,true,low,PQC-related commit but no specific defect category matched from message; classified as Other/Refactoring (D9).,llm_assisted_codebook_review
9d8e90a3,aws/s2n-tls,Importing Kyber PQ KEM (#2056),D2,D9,false,low,PQC-related commit but no specific defect category matched from message; classified as Other/Refactoring (D9).,llm_assisted_codebook_review
d4f0bd37,openssl/openssl,fips: add pairwise consistency test for ML-KEM key generation,D9,D9,true,low,PQC-related commit but no specific defect category matched from message; classified as Other/Refactoring (D9).,llm_assisted_codebook_review
65a1a688,wolfSSL/wolfssl,ML-KEM/ML-DSA: harden against fault attacks,D1,D9,false,low,PQC-related commit but no specific defect category matched from message; classified as Other/Refactoring (D9).,llm_assisted_codebook_review
